id,name,address,city_id,location,description,average_price,food_type,stars
1,La Pergola,"Via Alberto Cadlolo, 101, 00136 Roma RM, Italy",1,41.920110744370284 12.446031690814332,"La Pergola is an exquisite fine dining restaurant located in Rome. Situated on Via Alberto Cadlolo, it offers a luxurious and elegant dining experience. The restaurant is known for its impeccable service, innovative cuisine, and breathtaking views of the city. La Pergola is a perfect choice for those seeking a memorable culinary journey in a refined setting.",50,fine dinning,4
2,Aroma Osteria,"Via Labicana 125 Palazzo Manfredi, 00184 Rome Italy",1,41.894336555920006 12.496274818992072,"Aroma Osteria is a charming restaurant located in Palazzo Manfredi on Via Labicana. It specializes in traditional Italian cuisine, offering a combination of classic flavors and innovative twists. With its cozy ambiance and attentive service, Aroma Osteria provides a delightful dining experience for those looking to savor authentic Italian dishes.",7,traditional,3
3,Roscioli,"Via dei Giubbonari, 21, 00186 Roma RM, Italy",1,41.89489285707279 12.473089476756683,"Roscioli is an award-winning fine dining restaurant situated on Via dei Giubbonari. It is renowned for its exceptional culinary creations, using the finest ingredients to deliver a gourmet experience. With its elegant atmosphere, knowledgeable staff, and a menu that combines traditional and innovative flavors, Roscioli promises an unforgettable gastronomic journey.",50,fine dinning,5
4,Trattoria Da Danilo,"Via Petrarca, 13, 00185 Roma RM, Italy",1,41.89736613876378 12.507873998643996,"Trattoria Da Danilo is a cozy restaurant located on Via Petrarca. It specializes in sea food dishes, offering a variety of fresh and flavorful options. While the ambiance is casual, the focus is on serving delicious sea food prepared with care. Trattoria Da Danilo is a great choice for sea food enthusiasts looking for a relaxed dining experience.",22,sea food,2
5,Tonnarello,"Via della Paglia, 1, 00153 Roma RM, Italy",1,41.88901683607882 12.47974200214277,"Tonnarello is a delightful restaurant located on Via della Paglia. It specializes in traditional Italian cuisine, offering a wide range of classic dishes prepared with fresh ingredients and authentic flavors. With its warm and welcoming atmosphere, Tonnarello provides a memorable dining experience for those seeking a taste of traditional Roman cuisine.",5,traditional,4
6,Armando al Pantheon,"Salita dei Crescenzi, 31, 00186 Roma RM, Italy",1,41.89997661533425 12.477517868587144,"Armando al Pantheon is a highly regarded restaurant situated on Salita dei Crescenzi. It specializes in traditional Roman cuisine, offering a menu that showcases the rich flavors of the region. With its cozy and rustic ambiance, attentive service, and dishes prepared with passion, Armando al Pantheon guarantees an authentic and satisfying dining experience.",6,traditional,5
7,Kathmandu - fast food,"Via Buonarroti, 38, 00185 Roma RM, Italy",1,41.89791985513992 12.502734773664042,"Kathmandu is a fast-food restaurant located on Via Buonarroti. It offers a diverse menu featuring a variety of fast-food options. Whether you're in the mood for burgers, sandwiches, or other quick bites, Kathmandu provides a convenient and flavorful dining experience.",10,fast food,5
8,Roscioli CaffÃ¨ Pasticceria,"Piazza Benedetto Cairoli, 16, 00186 Roma RM, Italy",1,41.895085085698095 12.478286145392767,"Roscioli CaffÃ¨ Pasticceria is a charming cafÃ© and pastry shop situated on Piazza Benedetto Cairoli. It is known for its delectable desserts, pastries, and coffee. With its inviting atmosphere and a wide selection of sweet treats, Roscioli CaffÃ¨ Pasticceria is the perfect place to satisfy your dessert cravings.",4,dessert,3
9,La Taverna dei Fori Imperiali,"Via della Madonna dei Monti, 9, 00184 Roma RM, Italy",1,41.89453422606252 12.489192080861834,"La Taverna dei Fori Imperiali is located on Via della Madonna dei Monti. It offers a cozy and traditional dining experience, specializing in Italian desserts. From classic tiramisu to a variety of sweet delights, La Taverna dei Fori Imperiali is a must-visit for dessert lovers.",10,dessert,4
10,Ristorante Piperno,"Monte de' Cenci, 9, 00186 Roma RM, Italy",1,41.88968021905381 12.480586630819304,"Ristorante Piperno is situated on Monte de' Cenci. It is a fine dining restaurant that focuses on providing a memorable culinary experience. With its refined ambiance and a menu that showcases the best of Italian cuisine, Ristorante Piperno offers an elegant setting for those seeking a sophisticated dining experience.",40,fine dinning,3
11,Five Guys,"Roma Termini, Piazza dei Cinquecento, 00187 Roma RM, Italy",1,41.9064960798235 12.50225891959091,"Five Guys is a popular fast-food chain located in Roma Termini, Piazza dei Cinquecento. It is known for its delicious burgers, fries, and milkshakes. With its casual and vibrant atmosphere, Five Guys is a go-to spot for a quick and satisfying meal.",5,fast food,2
12,McDonald's,Via del Tritone 57-58 - 00187 Rome,1,41.90315546021247 12.48399363277724,"McDonald's is a well-known fast-food chain situated on Via del Tritone. It offers a wide selection of fast-food options, including burgers, fries, and chicken sandwiches. McDonald's provides a convenient and familiar dining experience for those looking for a quick bite to eat.",5,fast food,3
13,Kilo Restaurant,"Kilo Restaurant, Via Tirso, 30, 00198 Roma RM, Italy",1,41.919289522631594 12.498208922715905,"Kilo Restaurant is a renowned sea food restaurant located in Rome. With its prime location and a wide variety of sea food dishes, Kilo Restaurant offers a delightful dining experience. From fresh catches of the day to expertly prepared sea food delicacies, this restaurant ensures high-quality ingredients and excellent flavors. The restaurant's elegant ambiance and attentive service add to the overall experience, making it a popular choice for sea food enthusiasts.",15,sea food,4
14,"""DOC"" Cruderia EnoBistrot","Via Pietro Manzi, 1, 00153 Roma RM, Italy",1,41.87402411516257 12.46573271074401,"""DOC"" Cruderia EnoBistrot is a top-rated fine dining restaurant situated in Rome. Known for its sophisticated atmosphere and outstanding culinary offerings, this restaurant provides an exceptional gastronomic experience. The menu features a combination of innovative and traditional dishes, prepared with the finest ingredients.",50,fine dinning,5
15,ImÃ go,"Piazza della Trinita' Dei Monti 6, Hassler Roma Hotel - 00187 Rome",1,41.906546429658455 12.483946963483989,"ImÃ go is a restaurant situated in Rome, located within the prestigious Hassler Roma Hotel. Offering traditional cuisine with a modern twist, ImÃ go is known for its refined dishes and elegant presentation. The restaurant boasts breathtaking views of Rome's iconic landmarks, providing a stunning backdrop for a memorable dining experience. While the stars indicate a good rating, the true highlight of ImÃ go lies in its fusion of traditional flavors and contemporary culinary techniques.",4,traditional,5
16,Yes food,"Via Catania, 53, 00161 Roma RM, Italy",1,41.910599332721716 12.519778574435634,"Yes food is a fast food restaurant located in Rome. It offers a wide range of quick and tasty food options, perfect for those looking for a convenient and casual dining experience. The menu includes popular fast food items such as burgers, sandwiches, fries, and more. While the focus is on fast service, Yes food strives to maintain quality and freshness in its offerings, ensuring a satisfying meal for its customers.",5,fast food,3
17,Ristorante Crispi 19,Via Francesco Crispi 19 RM - 00187 Rome,1,41.90360567435532 12.485467453074525,"Ristorante Crispi 19 is a well-regarded sea food restaurant in Rome. With a prime location and a reputation for excellence, it offers a diverse menu featuring a variety of sea food delicacies. From fresh fish to shellfish, Ristorante Crispi 19 ensures high-quality ingredients and skillful preparation. The restaurant's warm and inviting atmosphere, combined with attentive service, creates an enjoyable dining experience for sea food lovers.",10,sea food,4
18,Ai Tre Scalini,"Via Panisperna, 251, 00184 Roma RM, Italy",1,41.89642592018854 12.490489037731189,"Ai Tre Scalini is a popular traditional restaurant located in Rome. Known for its authentic Italian cuisine and warm ambiance, the restaurant offers a range of traditional dishes prepared with care and attention to detail. From homemade pasta to classic meat and fish dishes, Ai Tre Scalini aims to provide a genuine taste of Roman cuisine. With its friendly staff and cozy setting, it's a great place to experience the flavors of traditional Italian cooking.",8,traditional,4
19,Chinappi,"Via Augusto Valenziani, 19, 00187 Roma RM, Italy",1,41.91007392075696 12.498728937731986,"Chinappi is a sea food restaurant located in Rome. Known for its fresh sea food dishes and delightful flavors, Chinappi offers a wide range of culinary delights. From expertly prepared fish to flavorful shellfish, the restaurant takes pride in using high-quality ingredients to create memorable dining experiences. With its charming atmosphere and attentive service, Chinappi provides a welcoming environment for sea food enthusiasts.",15,sea food,4
20,Frigidarium,"Via del Governo Vecchio, 112, 00186 Roma RM, Italy",1,41.898353058394086 12.47047625307417,"Frigidarium is a renowned dessert destination situated in Rome. This establishment is celebrated for its delectable gelato and mouth-watering sweet treats. With a wide array of flavors and creative combinations, Frigidarium offers a delightful experience for dessert lovers. The high-quality ingredients and exceptional craftsmanship make their gelato a must-try. The cozy atmosphere and friendly staff further enhance the overall experience.",10,dessert,5
21,Giolitti,"Via degli Uffici del Vicario, 40, 00186 Roma RM, Italy",1,41.90251964226468 12.47732096509553,"Giolitti is a popular dessert destination located in Rome. Established in 1900, this historic gelateria offers a wide range of traditional Italian gelato flavors. With its rich and creamy textures, Giolitti's gelato has garnered a strong following over the years. The charming vintage decor and friendly service provide a nostalgic atmosphere, making it a favorite spot for locals and tourists alike.",8,dessert,4
22,Pierluigi,"Piazza de' Ricci, 144, 00186 Roma RM, Italy",1,41.897429999746066 12.46876732479837,"Pierluigi is a sea food restaurant situated in Rome. With its prime location near Piazza Navona, this restaurant offers a range of sea food dishes prepared with fresh ingredients. From classic Italian sea food pasta to grilled fish specialties, Pierluigi aims to provide a satisfying dining experience. The restaurant's rustic yet elegant ambiance adds to its charm, making it a popular choice for sea food lovers.",15,sea food,3
23,Ristorante PORTO - Fish & Chips,"Via Crescenzio, 56, 00193 Roma RM, Italy",1,41.90597808950289 12.463548395403208,"Ristorante PORTO - Fish & Chips is a sea food restaurant located in Rome. With a focus on fish and chips, this establishment offers a unique twist on traditional sea food dishes. The menu features a variety of freshly battered and fried fish, accompanied by homemade chips and flavorful sauces. Ristorante PORTO aims to provide a casual yet memorable dining experience, with a combination of quality ingredients, attentive service, and a relaxed atmosphere.",20,sea food,5
24,Pinoy Ristorante,"Via Gaeta, 21, 00189 Roma RM, Italy",1,41.905574699790904 12.501258189877626," Pinoy Ristorante is a fast-food restaurant located in Rome. Specializing in Filipino cuisine, this restaurant offers a variety of quick and flavorful dishes. From traditional rice meals to popular street food options, Pinoy Ristorante aims to bring the authentic flavors of the Philippines to Rome. The restaurant's casual setting and efficient service make it a convenient choice for those looking to enjoy Filipino fast food.",7,fast food,4
25,Il Baretto al Bagutta,"Via Bagutta, Via Bagutta, 14, 20121",2,46.63856719329755 24.762880646333038,"1. Il Baretto al Bagutta: This restaurant is one of the oldest and most renowned restaurants in Milan. It offers traditional Italian cuisine such as pasta, meats, and sea food dishes. It is known for its elegant ambiance and traditional yet stylish decor.",7,traditional,4
26,Marea Seafood & Beverage,"Via Papa Gregorio XIV, 16, 20123 Milano MI, Italy",2,"45.45934613418992, 9.18255520932436","Marea offers a contemporary and international menu, with simple but not trivial and impressive dishes, all seasoned with an intimate atmosphere with excellent service",70,sea food,3
27,Trattoria Milanese," Via Santa Marta, 11, 20123 Milano",2,45.681956334033764 8.79464344705316,"Trattoria Milanese: Trattoria Milanese is a traditional restaurant in Milan that specializes in Lombardian cuisine. The menu features traditional Lombardian meat dishes, local appetizers, and famous local ",15,traditional,5
28,Ristorante Da Oscar," Via Lazzaro Palazzi, 12, 20124 Milano",2,45.47661205557028 9.205938566998217,"Ristorante Da Oscar: This restaurant stands out for its focus on sea food and fresh fish dishes. It offers a diverse selection of dishes, including sushi and sashimi, prepared with the finest ingredients and expert craftsmanship.",20,sea food,2
29,Antica Trattoria della Pesa,"Viale Pasubio, 10, 20154 Milano",2,45.48204177604911 9.184166981911137,Antica Trattoria della Pesa: Antica Trattoria della Pesa is known for its traditional Lombardian dishes. The menu includes classic dishes like Ossobuco (braised veal shanks) and grilled meats. The restaurant has a warm and rustic ambiance.,5,traditional,4
30,Paper Moon," Via Bagutta, 1, 20121 Milano",2,45.46761828741398 9.196583253100133,"Paper Moon: Paper Moon is a popular restaurant that offers a blend of Italian and international cuisine. The menu includes a variety of dishes like pasta, sea food, and pizza. It is known for its trendy atmosphere and stylish interior.",9,traditional,5
31,Savini Milano 1867,"Galleria Vittorio Emanuele II, Piazza del Duomo, 20121 Milano",2,45.465862920420356 9.190446624046208,"7. Savini Milano 1867: Located in the historic Galleria Vittorio Emanuele II, Savini Milano 1867 is a prestigious restaurant that focuses on upscale Italian cuisine. It provides a luxurious dining experience with a menu that highlights traditional Milanese flavors.",8,fast food,5
32,Luini ,"- Via Santa Radegonda, 16, 20121 Milano",2,45.46587374699259 9.19154170680182," Luini is a small bakery and restaurant famous for its delicious panzerotti. Panzerotti are deep-fried stuffed pastries filled with ingredients like cheese, tomato, and ham. It offers a quick and tasty option for a satisfying meal.",10,dessert,3
33,Trattoria Toscana ,"Via San Gerolamo Emiliani, 3, 20135 Milano",2,45.472186446447175 9.184401666546991,"Trattoria Toscana: As the name suggests, Trattoria Toscana specializes in Tuscan cuisine. The menu features authentic dishes such as ribollita (vegetable and bread soup), bistecca alla fiorentina (Florentine steak), and pappa al pomodoro (tomato and bread soup).",15,dessert,4
34,Il Salumaio di Montenapoleone ," Via Santo Spirito, 10, 20121 Milano",2,45.47000830307081 9.19465510679902,"Il Salumaio di Montenapoleone: Situated in the upscale fashion district, Il Salumaio di Montenapoleone offers a gourmet Italian dining experience. The menu includes a variety of dishes, including pasta, sea food, and meat. The restaurant's elegant ambiance adds to its charm.",35,fine dinning,3
35,Nobu Milano,"Via Manzoni, 31, 20121 Milano",2,45.47075031008216 9.192853706786142,"Nobu Milano: Nobu Milano is a well-known international restaurant chain that combines Japanese and Italian influences. The menu showcases a fusion of flavors, presenting innovative dishes that incorporate the best of both cuisines.",4,fast food,2
36,Osteria Brunello," Via Lecco, 18, 20124 Milano",2,45.47942066313086 9.185755735621779,"Osteria Brunello: Osteria Brunello is a cozy and rustic restaurant that serves classic Italian dishes. The menu includes a selection of antipasti, pasta, meat, and sea food dishes. It offers a warm and inviting atmosphere for a traditional dining experience.",5,fast food,3
37,Trippa," Via Giorgio Vasari, 3, 20135 Milano",2,45.45414628610202 9.205512887867235,"Trippa: Trippa is a restaurant that caters to adventurous eaters, specializing in dishes made with tripe. The menu features creative interpretations of tripe in traditional Italian cuisine, showcasing the versatility of this ingredient.",12,sea food,4
38,Al Garghet," Via Selvanesco, 36, 20144 Milano",2,45.42000764494944 9.192885891444492,"Al Garghet: Al Garghet is a charming restaurant known for its rustic ambiance and traditional Lombardian cuisine. It offers dishes made with locally sourced ingredients, including game meats and homemade pastas. The restaurant provides a cozy and authentic dining experience.",50,fine dinning,5
39,Ratana,"Via Gaetano de Castillia, 28, 20124 Milano",2,45.4855160690659 9.19295306445354,Ratana: Ratana is a contemporary restaurant with a modern and stylish atmosphere. It offers innovative Italian cuisine with a focus on seasonal ingredients and creative flavor combinations. The menu presents a range of dishes that showcase the chef's culinary expertise.,15,traditional,5
40,Langosteria Bistrot ,"Via Savona, 10, 20144 Milano",2,45.45564896293096 9.168584181698199,"Langosteria Bistrot: Located at Via Savona, 10, Langosteria Bistrot is a stylish sea food restaurant. It offers a contemporary and relaxed atmosphere, serving a variety of fresh sea food dishes. The menu features an array of fish, shellfish, and crustaceans, prepared with simplicity and attention to detail.",3,fast food,3
41,Torre di Pisa ,"- Viale Gorizia, 6, 20144 Milano",2,43.72309428739795 10.39265499636365,"Torre di Pisa: Situated on Viale Gorizia, 6, Torre di Pisa is a charming Italian trattoria. It combines a warm and rustic ambiance with traditional Tuscan cuisine. The menu includes classic dishes such as homemade pasta, grilled meats, and regional specialties.",12,sea food,4
42,Ristorante Da Giacomo," Ripa di Porta Ticinese, 55, 20143 Milano",2,45.46383652946612 9.190133813354366,"Ristorante Da Giacomo: Located at Via Pasquale Sottocorno, 6, Ristorante Da Giacomo is a renowned Milanese institution. It is known for its exceptional service and classic Italian cuisine. The menu features dishes made with high-quality ingredients, including fresh sea food, homemade pasta, and succulent meat dishes.",6,traditional,4
43,La Brisa,"Via Antonio Pollaiuolo, 3, 20159 Milano",2,45.46543884733888 9.180226264471559,"20. La Brisa: Situated on Via Antonio Pollaiuolo, 3, La Brisa is a trendy restaurant with a vibrant atmosphere. It offers a fusion of Italian and international flavors, with a focus on fresh and seasonal ingredients. The menu includes a variety of dishes, from sushi and ceviche to homemade pasta and wood-fired pizzas.",18,sea food,4
44,Gesto," Via Felice Casati, 22, 20124 Milano",2,45.47328657051954 9.20792156445612," Found on Via Felice Casati, 22, Gesto is a contemporary restaurant that combines Italian traditions with international influences. It offers a creative and ever-evolving menu that highlights the best of local and seasonal ingredients. The restaurant's modern and minimalist design creates a stylish dining environment.",8,dessert,5
45,Il Luogo di Aimo e Nadia ," Via Privata Raimondo Montecuccoli, 6, 20147 Milano",2,45.45855145478633 9.131206849120032,"22. Il Luogo di Aimo e Nadia: Located at Via Privata Raimondo Montecuccoli, 6, Il Luogo di Aimo e Nadia is a Michelin-starred restaurant that celebrates traditional Italian cuisine. Led by renowned chefs Aimo and Nadia Moroni, the restaurant offers a refined dining experience with dishes that showcase the heritage and craftsmanship of Italian gastronomy.",7,dessert,4
46,Il Bambino ,"Via Gian Giacomo Mora, 12, 20123 Milano",2,45.45925505032498 9.180389595643152,"23. l Bambino: Situated on Via Gian Giacomo Mora, 12, Il Bambino is a cozy trattoria that specializes in homemade pasta and traditional Italian dishes. The menu features a variety of regional specialties, accompanied by a selection of Italian wines. The warm and welcoming atmosphere makes it a popular choice among locals and visitors alike.",15,sea food,3
47,Ham Holy Burger,"Via Marghera, 34, 20149 Milano MI, Italy",2,45.4667602612668 9.151125126329418,"Essenza: Found on Via Marghera, 34, Essenza is a contemporary restaurant that focuses on organic and sustainable cuisine. The menu combines Italian flavors with international influences, offering a range of vegetarian, vegan, and gluten-free options. The restaurant's modern and eco-friendly design adds to its appeal.",25,sea food,5
48,Rita & Antonio,"Via Giacomo Puccini, 2A, 20121 Milano MI, Italy",2,45.46719124474076 9.180968105651937,"Da Puccini: Located at Via Moscova, 21, Da Puccini is a historic Milanese restaurant with a traditional ambiance. It is known for its excellent pizza, homemade pasta, and classic Italian dishes. The restaurant's nostalgic charm and friendly service create a welcoming atmosphere for diners.",10,fast food,4
49,El Brellin,"Vicolo dei Lavandai, Alzaia Naviglio Grande, 14, 20144 Milano MI, Italy",2,45.45215592958908 9.174906910985543,"26. Alzaia Naviglio Grande: Situated on Alzaia Naviglio Grande, 14, this restaurant offers a picturesque setting along the Naviglio Grande canal. It specializes in traditional Milanese cuisine, including risotto, ossobuco, and cotoletta alla Milanese. Guests can enjoy their meals while taking in the beautiful views of the canal.",10,traditional,5
50,Da Rita e Antonio ," Via Angelo Carlo Fumagalli, 1, 20143 Milano",2,45.467067121692956 9.180973749123257,"Da Rita e Antonio: Found on Via Angelo Carlo Fumagalli, 1, Da Rita e Antonio is a family-run trattoria that has been serving authentic Italian cuisine for decades. The menu features homemade pasta, hearty meat dishes, and delectable desserts, all prepared with love and at",15,sea food,4
51,Officina del Gelato,"Via Giovanni Battista Morgagni, 9, 20129 Milano",2,45.481301370914 9.16881261369298,"28. Officina del Gelato: Located at Via Giovanni Battista Morgagni, 9, Officina del Gelato is a popular gelateria in Milan. It offers a wide range of artisanal gelato flavors, made with high-quality ingredients. Guests can indulge in creamy gelato creations, including both classic and innovative flavors.",60,fine dinning,5
52,Le Specialita," Via Giovanni Battista Morgagni, 12, 20129 Milano",2,45.46292777384719 9.210440749121096,"Le Specialita: Situated on Via Giovanni Battista Morgagni, 12, Le Specialita is a charming Italian restaurant that focuses on traditional recipes and flavors. The menu includes a variety of pasta dishes, grilled meats, and homemade desserts, all prepared with passion and expertise.",45,fine dinning,5
53,Gli Orti Del Belvedere ,"30.  Via Giuseppe Ripamonti, 124, 20141 Milano",2,45.45498126340972 9.199999750959792,"Gli Orti Del Belvedere: Found on Via Giuseppe Ripamonti, 124,20141 Milano, Gli Orti Del Belvedere is a restaurant nestled in a picturesque setting. It offers a peaceful and romantic atmosphere with a beautiful garden. The menu features a blend of Italian and Mediterranean cuisine, with a focus on fresh and seasonal ingredients. Guests can enjoy dishes such as grilled vegetables, homemade pasta, and flavorful sea food preparations.",12,fast food,5
54,Pizzeria Di Matteo,"Via dei Tribunali, 94",3,40.851407542858645  14.257912593972819,"La Pergola is an exquisite fine dining restaurant located in Rome. Situated on Via Alberto Cadlolo, it offers a Pizzeria Di Matteo - Traditional pizzeria known for its delicious Neapolitan pizza.",40,fine dinning,4
55,Ristorante A Figlia d'O Luciano,"Piazza Enrico de Nicola, 38, 80100 Napoli NA, Italy",3,"40.8554542280708, 14.264285663975125","Ristorante A Figlia d’O Luciano is a charming family-run restaurant located in the heart of Naples, Italy. The menu offers a wide selection of seafood dishes and pasta, all prepared with fresh ingredients. ",5,traditional,3
56,Sorbillo,"Via Port'Alba, 18",3,40.88514205573757  14.253775100577771,"Sorbillo - Popular pizzeria offering a wide selection of traditional and creative pizzas culinary creations, using the finest ingredients to deliver a gourmet experience. With its elegant atmosphere, knowledgeable staff, and a menu that combines traditional and innovative flavors, Roscioli promises an unforgettable gastronomic journey.",50,fine dinning,5
57,Antica Pizzeria Port'Alba,"Via Port'Alba, 18",3,40.849493705837986  14.251763732302726,"Antica Pizzeria Port'Alba - Historic pizzeria serving authentic Neapolitan pizza since 1738. fresh and flavorful options. While the ambiance is casual, the focus is on serving delicious sea food prepared with care. Trattoria Da Danilo is a great choice for sea food enthusiasts looking for a relaxed dining experience.",20,sea food,2
58,L'Antica Pizzeria Da Michele ," Via Sersale, 1/3",3,40.84987800512584  14.263300203475502,"L'Antica Pizzeria Da Michele - Renowned pizzeria known for its simple yet flavorful pizzas. range of classic dishes prepared with fresh ingredients and authentic flavors. With its warm and welcoming atmosphere, Tonnarello provides a memorable dining experience for those seeking a taste of traditional Roman cuisine.",7,traditional,4
59,Trattoria da Nennella," Vico Lungo Teatro Nuovo, 103",3,40.844788691622206  14.24981637559162,"Trattoria da Nennella - Cozy trattoria serving traditional Neapolitan dishes and pizza. cuisine, offering a menu that showcases the rich flavors of the region. With its cozy and rustic ambiance, attentive service, and dishes prepared with passion, Armando al Pantheon guarantees an authentic and satisfying dining experience.",9,traditional,5
60,Pizzeria Brandi," Salita Sant'Anna di Palazzo, 1/2",3,40.83687391491223 14.246816103408605,"Kathmandu is a fast-food restaurant located on Via Buonarroti. It offers a diverse menu featuring a variety of fast-food options. Whether you're in the mood for burgers, sandwiches, or other quick bites, Kathmandu provides a convenient Pizzeria Brandi - Historic pizzeria where the Margherita pizza was invented in 1889.",6,fast food,5
61,Osteria La Mattonella," Via Porta San Gennaro, 13",3,40.836740180841694  14.244088261179648,Osteria La Mattonella - Charming osteria offering a variety of traditional Italian dishes.,6,dessert,3
62,Pizzeria Starita a Materdei,"Via Materdei, 27/28",3,40.856053008607724  14.246337888094747,"Pizzeria Starita a Materdei - Family-run pizzeria known for its wood-fired pizzas and cozy atmosphere. specializing in Italian desserts. From classic tiramisu to a variety of sweet delights, La Taverna dei Fori Imperiali is a must-visit for dessert lovers.",8,dessert,4
63,Pizzeria Gino Sorbillo," Via dei Tribunali, 32",3,40.85095530871094  14.255350162909323,Pizzeria Gino Sorbillo - Vibrant pizzeria known for its creative toppings and high-quality ingredients.,30,fine dinning,3
64,Ristorante Pizzeria Trianon," Via Pietro Colletta, 44",3,40.85031270432861  14.263651545800974,"Ristorante Pizzeria Trianon - Classic pizzeria offering a range of delicious pizzas and traditional Italian cuisine. burgers, fries, and milkshakes. With its casual and vibrant atmosphere, Five Guys is a go-to spot for a quick and satisfying meal.",8,fast food,2
65,Trattoria Pizzeria Napoli In Bocca ," Via Cesare Rosaroll, 31",3,40.83818197766949 14.24981406107985,"Trattoria Pizzeria Napoli In Bocca - Welcoming trattoria serving authentic Neapolitan dishes and tasty pizzas. including burgers, fries, and chicken sandwiches. McDonald's provides a convenient and familiar dining experience for those looking for a quick bite to eat.",7,fast food,3
66,Pizzeria 50 Kalo,"Piazza Sannazaro, 201/B",3,40.8285097807856  14.22021458807277,Pizzeria 50 Kalo - Modern pizzeria known for its innovative pizzas and high-quality ingredients.,12,sea food,4
67,Pizzeria La Notizia,"Via Caravaggio, 53/55",3,40.83579003052126 14.209932758770208,Pizzeria La Notizia - Gourmet pizzeria offering a variety of artisanal pizzas with unique flavors.,30,fine dinning,5
68,Pizzeria Di Matteo,"Via dei Tribunali, 94",3,40.85144594082219  14.257978432253577,Pizzeria Di Matteo - Famous pizzeria known for its thin and crispy Neapolitan-style pizzas.,8,traditional,5
69,McDonald's,"Via Medina, P.za Municipio, 37/38/39, 80133 Napoli NA, Italy",3,40.8415809317675 14.251858368174842,"Classic, long-running fast-food chain known for its burgers & fries.",5,fast food,3
70,Pizzeria Lombardi a Santa Chiara," Via Benedetto Croce, 59/61",3,40.847847167265996  14.253333618853633,"Pizzeria Lombardi a Santa Chiara - Historic pizzeria known for its traditional pizzas and cozy ambiance. excellence, it offers a diverse menu featuring a variety of sea food delicacies. From fresh fish to shellfish, Ristorante Crispi 19 ensures high-quality ingredients and skillful preparation. The restaurant's warm and inviting atmosphere, combined with attentive service, creates an enjoyable dining experience for sea food lovers.",14,sea food,4
71,Pizzeria I Decumani," Via dei Tribunali, 58/59",3,40.85102381847173  14.256783316956813,"Pizzeria I Decumani - Authentic pizzeria offering a range of delicious pizzas with fresh ingredients. ambiance, the restaurant offers a range of traditional dishes prepared with care and attention to detail. From homemade pasta to classic meat and fish dishes, Ai Tre Scalini aims to provide a genuine taste of Roman cuisine. With its friendly staff and cozy setting, it's a great place to experience the flavors of traditional Italian cooking.",6,traditional,4
72,Pizzeria Pellone ," Via Nazionale, 93",3,40.858086227761625  14.2741649131498,"Pizzeria Pellone - Popular pizzeria known for its generous toppings and flavorful pizzas. offers a wide range of culinary delights. From expertly prepared fish to flavorful shellfish, the restaurant takes pride in using high-quality ingredients to create memorable dining experiences. With its charming atmosphere and attentive service, Chinappi provides a welcoming environment for sea food enthusiasts.",15,sea food,4
73,Pizzeria da Attilio," Via Pignasecca, 17",3,40.84528196513738  14.248216974678268,Pizzeria da Attilio - Charming pizzeria serving classic Neapolitan-style pizzas with a variety of toppings.,10,dessert,5
74,Pizzeria Vesi,"Via Giulio Cesare, 37",3,40.85150626171752  14.250502267013973,"Pizzeria Vesi - Family-run pizzeria offering a wide selection of traditional and creative pizzas. traditional Italian gelato flavors. With its rich and creamy textures, Giolitti's gelato has garnered a strong following over the years. The charming vintage decor and friendly service provide a nostalgic atmosphere, making it a favorite spot for locals and tourists alike.",8,dessert,4
75,Pizzeria Di Matteo," Via dei Tribunali, 94",3,40.85138913315054  14.257999889890284,"Pizzeria Di Matteo - Well-known pizzeria serving delicious Neapolitan pizzas in a friendly atmosphere. range of sea food dishes prepared with fresh ingredients. From classic Italian sea food pasta to grilled fish specialties, Pierluigi aims to provide a satisfying dining experience. The restaurant's rustic yet elegant ambiance adds to its charm, making it a popular choice for sea food lovers.",15,sea food,3
76,Pizzeria President ," Via del Cerriglio, 10",3,40.85165256612947  14.259623719002825,Pizzeria President - Cozy pizzeria offering a variety of pizzas with a thin and crispy crust.,25,sea food,5
77,Pizzeria Salvo ," Via Cariati, 15",3,40.83502534280741  14.238496858367377,Pizzeria Salvo - Traditional pizzeria known for its authentic Neapolitan-style pizzas and warm hospitality.,8,fast food,4
78,McDonald's,"Via Medina, P.za Municipio, 37/38/39, 80133 Napoli NA, Italy",3,"40.84123175771096, 14.252097687224781","Classic, long-running fast-food chain known for its burgers & fries.",12,fast food,3
79,Casa Infante,"Via Toledo, 258, 80132 Napoli NA, Italy",3,"40.839085269770756, 14.247806133564705","Casa Infante in Naples, Italy, is renowned for its artisanal gelato, made with genuine ingredients and a commitment to quality. Don’t miss the chance to indulge in their delightful creations! ",10,dessert,5
80,Veritas Restaurant,"C.so Vittorio Emanuele, 141, 80121 Napoli NA, Italy",3,"40.83824541494113, 14.231461729546373","Veritas Restaurant in Naples, Italy, offers a delightful culinary experience with its authentic Neapolitan flavors and warm ambiance.",50,fine dinning,4
81,Trattoria Da Nennella ,"Vico Lungo Teatro Nuovo, 103",3,40.9584796703584  14.284483771524915,Trattoria Da Nennella - Homely trattoria serving traditional Neapolitan dishes and tasty pizza.,4,traditional,3
82,Pizzeria Pirozzi," Via San Gennaro, 13",3,40.73390181796779  13.956073772828194,Pizzeria Pirozzi - Friendly pizzeria known for its tasty pizzas and relaxed atmosphere.,10,sea food,4
83,Pizzeria La Campagnola,"Piazza Giuseppe Garibaldi, 60",3,40.85623380825445  14.255447474556247,Pizzeria La Campagnola - Rustic pizzeria offering a variety of traditional pizzas with a homemade touch.,8,traditional,5
84,Algiubagio Restaurant,"Fondamente Nove, 5039, 30121 Venezia VE, Italy",5,45.44463549649252 12.34013073748908,"Modern Italian dishes served in a chic, rustic-style setting with a terrace overlooking the lagoon.",6,traditional,4
85,Trattoria Antiche Carampane,"Rio Tera de le Carampane, 1911, 30125 Venezia VE, Italy",5,45.440115214799754 12.330861005461026,"
sea food-focused Venetian dishes served in a cozy, family-run restaurant adorned with photos.",40,sea food,4
86,La Zucca,"Sestiere Santa Croce 1762, 30135 Venezia VE, Italy",5,45.44198211166024 12.327856931459296,"Seasonal Venetian dishes with vegetarian leanings, in a cozy setting with tables by the canal.",8,traditional,5
87,Rio Novo,"Santa Croce, 278, 30135 Venezia VE, Italy",5,45.438340894863735 12.319886368663157,"Casual venue featuring sea food, pasta & pizzas, plus terrace dining with canal views.",4,traditional,3
88,Osteria Enoteca Ai Artisti,"Fondamenta Toletta, 1169/abc, 30123 Venezia VE, Italy",5,45.43364312049618 12.324950379123209,"Traditional Venetian tavern with a snack counter offering up a host of dishes, including sea food.

Traditional Venetian tavern with a snack counter offering up a host of dishes, including sea food.

",5,traditional,4
89,Ai Mercanti,"Corte Coppo, 4346/a, 30124 Venezia VE, Italy",5,45.43599205656561 12.33516423072909,"Restaurant with a terrace presenting sophisticated, seasonal cuisine amid intimate surrounds.",5,traditional,5
90,Osteria alle Testiere,"Calle del Mondo Novo, 5801, 30122 Venezia VE, Italy",5,45.438265553567234 12.340230140494752,"Whether you are a sea food lover or simply seeking an authentic taste of Venetian cuisine, Osteria alle Testiere is a must-visit for food enthusiasts.",4,traditional,5
91,Burger King,"di fronte Stazione Santa Lucia, Santa Croce, 745A, 30135 Venezia VE, Italy",5,45.44150980268428 12.323439521603664,"Well-known fast-food chain serving grilled burgers, fries & shakes.",6,fast food,3
92,McDonald's,"Strada Nova, 3922, 30121 Venezia VE, Italy",5,45.442352904205045 12.333739203895304,"Classic, long-running fast-food chain known for its burgers & fries.",7,fast food,3
93,Dal Moro's,"THE ORIGINAL SINCE 2012 - WATCH OUT OF COPYCATS, Calle de la Casseleria, 5324, 30122 Venezia VE, Italy",5,45.43741455894008 12.339919013270293,Boxes of fresh pasta mixed with a pick of made-to-order sauces served in a buzzing take-out spot.,6,fast food,4
94,KFC,"Stazione di Venezia Santa Lucia, 30121 Venezia VE, Italy",5,45.44090757959864 12.31914798731547,"Built to a rationalist design in 1924, this train station is the central train terminus in Venice.",10,fast food,4
95,Halal Food (Pizza Roma),"Santa Croce, 284, 30135 Venezia VE, Italy",5,45.437173652992804 12.319662971430052,"Their pizza is crispy and thin, and you can customize it with various toppings such as pepperoni, mushrooms, black olives, green olives, Italian sausage, ground beef, hot peppers, onions, green peppers, double cheese, pineapple, ham, chicken, spinach, broccoli, anchovies, sliced tomatoes, and gyro meat.",9,fast food,4
96,La Palanca,"Fondamenta Sant'Eufemia, 448, 30133 Venezia VE, Italy",5,45.42759310583489 12.326701069696332,"La Palanca sits right on the water edge, offering a priceless view of the canal,Fresh sea food: The restaurant is known for its well-prepared fresh fish dishes, including specialties like squid ink and marinated mantis shrimp.",15,sea food,5
97,Trefanti,"Santa Croce n 888 Fondamenta dei, Fondamenta Garzotti, 30135 Venezia VE, Italy",5,45.44147764942459 12.32436362193879,"Venetian mussels, sea food pasta & grilled fish at a simple trattoria with tables beside a canal.",16,sea food,4
98,Poste Vecie,"Mercato del pesce di Rialto, San Polo, 1608, 30124 Venezia VE, Italy",5,45.4413073155684 12.333831489689025,"Classic Venetian cooking at a quaint, fresco-lined former post office with garden dating from 1500.",14,sea food,4
99,Ristorante Vecia Cavana,"Via Tera Santi Apostoli, 4624, 30121 Venezia VE, Italy",5,45.44275513695444 12.336866062685898,"Fish-based menu of Venetian dishes, including a gluten-free menu, in former 16th-century boathouse.",20,sea food,5
100,Frito Inn,"Campo San Leonardo, 1587, 30121 Venezia VE, Italy",5,45.44488421855677 12.32764096077541,"Whether you are craving crispy calamari or want to savor the flavors of the sea, Frito Inn offers a tasty sea food experience in the heart of Venice!",16,sea food,4
101,Osteria Antico Giardinetto,"Calle dei Morti, 2253, 30135 Venezia VE, Italy",5,45.44147764942459 12.331525214211405,"Cozy, family-run restaurant with a rustic interior & a fish-centric menu of Med/Venetian dishes.",22,sea food,5
102,Pasticceria Rio Marin,"Fondamenta Rio Marin, 784, 30135 Venezia VE, Italy",5,45.440598855050574 12.324944638679959,"Cozy, family-run restaurant with a rustic interior & a fish-centric menu of Med/Venetian dishes.",12,dessert,5
103,Pasticceria Marchini Time,"Campo S. Luca, 4589, 30124 Venezia VE, Italy",5,45.43659805282339 12.33497692420083,Simple outpost supplying coffee & a diverse selection of old-fashioned pastries & cookies.,6,dessert,4
104,Farini,"Calle Seconda de la Fava, 5602, 30122 Venezia VE, Italy",5,45.43811737821669 12.338008262271885,"Farini is a delightful Italian eatery where fresh food takes center stage. From morning pastries to handcrafted pizzas, their menu offers a delectable array of flavors.",8,dessert,4
105,Bar Pasticceria Ballarin,"Calle San Crisostomo, 5794, 30121 Venezia VE, Italy",5,45.44004179832231 12.336564767952334,"Small bakery serving coffee, pastries & cakes to eat at a marble-topped counter or to take away.",10,dessert,5
106,Club del Doge,"Campo Santa Maria del Giglio, 2467, 30124 Venezia VE, Italy",5,45.4320391708154 12.33317691716636,"Upscale Venetian dining in opulent Hotel Gritti Palace, with a terrace overlooking the Grand Canal.",30,fine dinning,4
107,Bistrot de Venise,"Calle dei Fabbri, 4685, 30124 Venezia VE, Italy",5,45.436977986513995 12.336266821853853,"Elegant restaurant serving updates of traditional Venetian dishes, plus over 60 wines by the glass.",40,fine dinning,5
108,LPV Ristorante & Bistrot,"Riva degli Schiavoni, 4171, 30122 Venezia VE, Italy",5,45.43535183882968 12.344077414258352,"Elegant dining room with Murano glass in the Hotel Londra Palace, showcasing Venetian classics.",40,fine dinning,4
109,Ristorante Glam,"Calle Tron, 1961, 30135 Venezia VE, Italy",5,45.44209703435805 12.329829520421576,"Intimate, acclaimed venue at a luxe hotel with a leafy courtyard presenting imaginative dishes.",35,fine dinning,3
110,Ai Mercanti,"Corte Coppo, 4346/a, 30124 Venezia VE, Italy",5,45.4361348046754 12.335236853624691,"Restaurant with a terrace presenting sophisticated, seasonal cuisine amid intimate surrounds.",25,fine dinning,5
111,Osteria Santo Spirito," (Piazza Santo Spirito, 16)",4,43.76665168669533  11.2468047253303, Cozy trattoria serving traditional Tuscan dishes in a charming atmosphere.,40,fine dinning,4
112,Trattoria Mario,"Via Rosina, 2r",4,43.776715404581225  11.254570367659035,Popular local spot offering classic Florentine cuisine and a lively ambiance.,6,traditional,3
113,Il Latini ,"Via dei Palchetti, 6/r",4,43.77174747547385  11.249333496494666,Historic steakhouse known for its hearty Tuscan dishes and warm hospitality.,35,fine dining,5
114,La Giostra,"Borgo Pinti, 12r",4,43.77225691613307  11.262198538822867,Romantic restaurant serving Tuscan and international cuisine in an elegant setting.,30,sea food,2
115,Buca Lapi,"Via del Trebbio, 1r",4,43.77297222561099  11.251307383002423,"Renowned restaurant housed in a historic cellar, serving Florentine specialties.",5,traditional,4
116,Trattoria Zà Zà,"Piazza del Mercato Centrale, 26r",4,43.77649401173101  11.25442703882313,Vibrant trattoria offering a mix of Tuscan and international dishes.,4,traditional,5
117,Il Pizzaiuolo,"Via dei Macci, 113r",4,43.771335231567676  11.266172417037776, Authentic pizzeria serving Neapolitan-style pizzas cooked in a wood-fired oven.,7,fast food,5
118,All'Antico Vinaio,"Via dei Neri, 74r",4,43.76936540404297  11.25728873214846,Popular panini shop known for its generous sandwiches filled with Tuscan ingredients.,4,dessert,3
119,Il Santo Bevitore,"Via Santo Spirito, 64r",4,43.76914763821876  11.246752994643208, Rustic-chic restaurant offering creative Tuscan dishes and an extensive wine list.,3,dessert,4
120,Trattoria Sostanza,"Via del Porcellana, 25r",4,43.77276483728073  11.247081869510115,"Historic trattoria specializing in Florentine cuisine, famous for its butter chicken.",30,fine dinning,3
121,Ora d'Aria,"Via dei Georgofili, 11r",4,43.76858168244542  11.254797809986764, Michelin-starred restaurant serving innovative and refined Italian cuisine.,5,fast food,2
122,La Buchetta Food & Wine,"Via dei Benci, 3r",4,43.767471041259434  11.259161225330313, Intimate restaurant known for its traditional Tuscan dishes and extensive wine selection.,4,fast food,3
123,Cibrèo,"Via Andrea del Verrocchio, 8r",4,43.77250644805681  11.252756058063273, Acclaimed restaurant offering a modern twist on traditional Tuscan recipes.,12,sea food,4
124,Il Cibreo Trattoria ,"Via dei Macci, 122r",4,43.77151715173039  11.266584326081604,"Sister restaurant of Cibrèo, serving delicious Tuscan cuisine in a casual setting.",35,fine dinning,5
125,Golden View Open Bar,"Via dei Bardi, 58r",4,43.76739867401006 11.253450831633419,"Riverside restaurant with panoramic views, serving Italian and sea food dishes.",10,traditional,5
126,Il Guscio,"Via dell'Orto, 49r",4,43.76921170997854  11.240410025330407,Charming sea food restaurant known for its fresh sea food and cozy atmosphere.,6,fast food,3
127,Ristorante del Fagioli,"Corso dei Tintori, 47r",4,43.76768641939767 11.259668667658556,Historic trattoria serving classic Tuscan dishes in a traditional setting.,16,sea food,4
128,Osteria del Cinghiale Bianco,"Borgo S. Jacopo, 43r",4,43.76762443669496 11.25964720998675," Traditional Tuscan osteria specializing in game dishes, including wild boar.",6,traditional,4
129,La Ménagère,"Via de' Ginori, 8r",4,43.77604126601774 11.255464938823105,"Trendy restaurant and concept store, offering farm-to-table dishes and a stylish ambiance.",15,sea food,4
130,Il Santo Graal ,"Via Romana, 70r",4,43.76946342085597  11.246731614172793," Cozy restaurant serving a mix of Italian and international cuisine, with vegetarian options.",10,dessert,5
131,I'Brindellone," (Piazza Piattellina, 10r",4,43.76877493431054  11.242887725330375,Authentic trattoria known for its hearty Florentine dishes and friendly service.,7,dessert,4
132,Ristorante Beccofino ,"Via dell'Orto, 40r",4,43.21528134212777 11.653713071962539,Elegant restaurant offering a refined menu of Italian and Mediterranean dishes.,18,sea food,3
133,Le Fonticine,"Via Nazionale, 105r",4,43.777387916458125  11.251974181151377," Family-run trattoria serving traditional Tuscan cuisine, including homemade pasta.",25,sea food,5
134,Il Vecchio e il Mare ,"(Via Lungo l'Affrico, 2",4,43.769866127185985  11.276088225330444," sea food restaurant located outside the city center, offering fresh fish dishes.",10,fast food,4
135,Osteria Belle Donne,"Via delle Belle Donne, 16r",4,43.77225512161559 11.250703696494705,Cozy osteria serving traditional Tuscan dishes with a focus on local ingredients.,6,fast food,4
136,Acqua al 2,"Via della Vigna Vecchia, 40r",4,43.77031123610866  11.25871892347917,Tuscan restaurant known for its famous blueberry steak and extensive wine selection.,5,dessert,5
137,La Prosciutteria,"Via dei Neri, 54r",4,43.9226936369572  11.24463906922468," Casual eatery specializing in Italian cured meats, cheeses, and bruschetta.",40,fine dinning,4
138,La Bottega del Buon Caffè,"Lungarno Benvenuto Cellini, 69r",4,43.53874627376364 11.252631795675516, Fine dining restaurant offering a refined menu of contemporary Italian cuisine.,6,traditional,3
139,Osteria de' Benci,"Via de' Benci, 13r",4,43.768379809882276  11.260123202027252,Traditional osteria serving Tuscan dishes and an excellent selection of wines.,18,sea food,4
140,Konnubio,"Via dei Conti, 8",4,43.77440283473441  11.253275054166652,Modern restaurant with a creative menu featuring Italian and international flavors.,10,traditional,5
141,Quinto Gelateria,"Via di Tor Millina, 15, 00186 Roma RM, Italy",1,41.89944116756968 12.472104031825918,"Snug, established shop making ice cream, plus sweet crÍpes, fruit cups & smoothies, to take away.",7,dessert,4
142,Creperia Michelangelo,"Viale dei Bastioni di Michelangelo, 3, 00192 Roma RM, Italy",1,"41.90655360617626, 12.456385951224657","Creperia Michelangelo†in Rome, Italy, offers a delightful selection of sweet and savory crÍpes made fresh to order. Visitors praise the friendly service, affordable prices, and extensive menu.",8,dessert,5
143,Giulio Terrinoni,"Vicolo del Malpasso, 9, 00186 Roma RM, Italy",1,41.89772094062539 12.467566106041346,"Tasting menus of inventive modern Italian seafood, in a sleek, minimalist space with a courtyard.",30,fine dinning,5
144,Life Ristorante,"Via della Vite, 28, 00187 Roma RM, Italy",1,41.90424093818848 12.480535868744537,"Sleek, upscale Mediterranean fine dining restaurant specializing in meat, lobster & truffle dishes.",32,fine dinning,4
145,Ma Che Buono,"C.so Lodi, 1, 20135 Milano MI, Italy",2,45.45229923926904 9.203504264658864,"Ma Che Buono†is a charming cafÈ and pastry shop located in Milan, Italy. They offer traditional and modern cakes, micro-cakes, and a delightful selection of coffee.",10,dessert,4
146,Pasticceria Sissi,"P.za Risorgimento, 6, 20129 Milano MI, Italy",2,45.46993799422699 9.20881839617324,"Tiny, pink-walled bakery/cafe hung with vintage prints, popular for cappuccino & croissants.",8,dessert,5
147,AALTO,"Piazza Alvar Aalto, 20124 Milano MI, Italy",2,45.48430150968346 9.193467574978175,"Ambitious Italian-Japanese fusion cuisine in an upscale, contemporary dining room.",40,fine dinning,5
148,Seta,"Via Monte di Piet‡, 18, 20121 Milano MI, Italy",2,45.47214458673872 9.191407638519845,"Creative, contemporary takes on Italian cuisine, served in a sleek room with turquoise accents.",45,fine dinning,4
149,Pasticceria Calemma Dolci Momenti,"Vico Lungo del Gelso, 52, 80132 Napoli NA, Italy",3,40.84059366909775 14.247483306254022,"Pasticceria Calemma Dolci Momenti†in Naples, Italy, is a delightful pastry shop located in the heart of the†Quartieri Spagnoli. They offer artisanal pastries, excellent coffee, and aperitifs from 3:00 PM to 8:30 PM daily.",6,dessert,5
150,Terrazza Calabritto,"Piazza Vittoria, 1, 80121 Napoli NA, Italy",3,40.83395451602328 14.241338168174844,"Terrazza Calabritto†in Naples, Italy, offers an exceptional culinary experience where traditional Neapolitan flavors intertwine with modern techniques. Each dish is a captivating narrative, stimulating the imagination through flavor combinations and familiar scents that evoke childhood memories.†",30,fine dinning,4
151,B. ICE,"Borgo Ognissanti, 150/r, 50123 Firenze FI, Italy",4,43.774819310338835 11.243058068744542,"a delightful ice cream shop located at Borgo Ognissanti 150/r, Florence, Italy. Known for its homemade gelato, this neighborhood gem offers a variety of flavors made on-site. Visitors rave about the hazelnut, pistachio, and pomegranate mint options, making it a must-visit spot for ice cream enthusiasts1. If youíre in Florence, donít miss out on this tasty treat!",4,dessert,3
152,Saporium Firenze,"Lungarno Benvenuto Cellini, 63/R, 50125 Firenze FI, Italy",4,43.7649454036614 11.265484507373015,Elevated Italian tasting menus & Tuscan wines in an opulently designed dining room.,25,fine dinning,4
153,GROM,"Campo S. Barnaba, 2761, 30123 Venezia VE, Italy",5,45.433498281998226 12.325035114773186,"GROM†is an exceptional†gluten-free ice cream shop. This delightful establishment offers a dedicated gluten-free menu, including†gelato,†desserts, and†ice cream cones.†Visitors rave about the†homemade waffle cones,†pistachio, and†hazelnut gelato†options, making it a must-visit spot for those with dietary restrictions1.",3,dessert,5
154,Al Covo,"Campiello de la Pescaria, 3968, 30122 Venezia VE, Italy",5,45.43492387001262 12.34780366080183,"Refined, updated Venetian classics in a charming, rustic-style restaurant, with outside tables.",50,fine dinning,4
